district,month,usage
강남구,1,430596.645
강남구,2,419840.333
강남구,3,363380.929
강남구,4,331542.547
강남구,5,312191.241
강남구,6,361643.623
강남구,7,456771.967
강남구,8,487622.847
강남구,9,441659.628
강남구,10,329200.504
강남구,11,326635.632
강남구,12,384983.909
강동구,1,146303.184
강동구,2,143732.715
강동구,3,124746.173
강동구,4,119318.331
강동구,5,113282.338
강동구,6,125853.519
강동구,7,158290.287
강동구,8,181888.159
강동구,9,165171.117
강동구,10,122366.109
강동구,11,107559.721
강동구,12,120117.311
강북구,1,78151.501
강북구,2,78509.27
강북구,3,66223.431
강북구,4,62386.837
강북구,5,57010.332
강북구,6,61575.125
강북구,7,76644.442
강북구,8,92884.888
강북구,9,84861.022
강북구,10,61340.221
강북구,11,57987.736
강북구,12,64776.491
강서구,1,230192.926
강서구,2,222492.772
강서구,3,197407.165
강서구,4,186478.614
강서구,5,176836.235
강서구,6,194500.673
강서구,7,243301.455
강서구,8,275983.162
강서구,9,255270.227
강서구,10,192686.642
강서구,11,181539.437
강서구,12,204269.134
관악구,1,152531.358
관악구,2,152539.44
관악구,3,131389.176
관악구,4,126531.458
관악구,5,116811.952
관악구,6,128538.413
관악구,7,159345.112
관악구,8,188160.49
관악구,9,174540.779
관악구,10,128873.548
관악구,11,117284.492
관악구,12,128418.977
광진구,1,117196.021
광진구,2,117198.558
광진구,3,101054.321
광진구,4,95757.448
광진구,5,89846.301
광진구,6,103664.195
광진구,7,131515.97
광진구,8,153220.369
광진구,9,137600.833
광진구,10,98483.979
광진구,11,90563.808
광진구,12,101325.305
구로구,1,173145.327
구로구,2,172208.643
구로구,3,146431.252
구로구,4,138428.933
구로구,5,132568.628
구로구,6,143283.056
구로구,7,175360.579
구로구,8,198130.392
구로구,9,177890.937
구로구,10,131252.855
구로구,11,112448.255
구로구,12,128712.494
금천구,1,154581.732
금천구,2,153266.912
금천구,3,133271.279
금천구,4,125872.08
금천구,5,123213.837
금천구,6,123138.8
금천구,7,153896.055
금천구,8,167849.71
금천구,9,152220.917
금천구,10,120227.075
금천구,11,116404.192
금천구,12,133290.274
노원구,1,127965.911
노원구,2,126115.371
노원구,3,108063.267
노원구,4,101275.072
노원구,5,93907.842
노원구,6,105935.552
노원구,7,131841.385
노원구,8,152637.581
노원구,9,136822.901
노원구,10,101653.745
노원구,11,99736.438
노원구,12,113324.174
도봉구,1,81061.086
도봉구,2,80712.575
도봉구,3,68944.085
도봉구,4,65890.464
도봉구,5,60202.208
도봉구,6,64529.029
도봉구,7,81784.04
도봉구,8,96533.242
도봉구,9,85890.583
도봉구,10,63175.853
도봉구,11,62344.137
도봉구,12,70314.104
동대문구,1,123201.978
동대문구,2,121706.647
동대문구,3,105449.793
동대문구,4,97808.511
동대문구,5,90000.738
동대문구,6,97376.178
동대문구,7,123051.681
동대문구,8,143866.316
동대문구,9,134351.458
동대문구,10,97680.483
동대문구,11,91524.081
동대문구,12,103341.978
동작구,1,110420.065
동작구,2,109162.401
동작구,3,94031.299
동작구,4,90466.429
동작구,5,85197.869
동작구,6,95695.05
동작구,7,118882.475
동작구,8,138580.578
동작구,9,127568.416
동작구,10,93635.184
동작구,11,85124.491
동작구,12,94744.017
마포구,1,203880.286
마포구,2,200186.719
마포구,3,177201.256
마포구,4,166131.654
마포구,5,161732.423
마포구,6,180494.514
마포구,7,223581.495
마포구,8,248738.369
마포구,9,226375.439
마포구,10,173609.593
마포구,11,162711.112
마포구,12,184794.901
서대문구,1,115244.156
서대문구,2,112438.479
서대문구,3,98856.927
서대문구,4,93130.862
서대문구,5,89575.682
서대문구,6,100465.254
서대문구,7,126722.194
서대문구,8,141236.675
서대문구,9,126253.276
서대문구,10,94596.279
서대문구,11,89992.27
서대문구,12,103433.769
서초구,1,276734.145
서초구,2,272235.181
서초구,3,237358.13
서초구,4,221740.905
서초구,5,208246.109
서초구,6,236766.191
서초구,7,298244.182
서초구,8,332546.689
서초구,9,307216.114
서초구,10,229587.699
서초구,11,191758.986
서초구,12,218741.563
성동구,1,181325.459
성동구,2,192737.504
성동구,3,171317.308
성동구,4,164077.196
성동구,5,154900.364
성동구,6,141621.811
성동구,7,172895.601
성동구,8,198123.012
성동구,9,175305.676
성동구,10,137655.085
성동구,11,98181.496
성동구,12,112500.587
성북구,1,132343.614
성북구,2,131649.453
성북구,3,113916.603
성북구,4,108300.589
성북구,5,100214.888
성북구,6,109829.253
성북구,7,134264.761
성북구,8,159676.88
성북구,9,147902.395
성북구,10,108940.973
성북구,11,104771.709
성북구,12,116923.403
송파구,1,259685.116163
송파구,2,254645.236163
송파구,3,224609.103163
송파구,4,206870.609163
송파구,5,199717.617163
송파구,6,224634.22016
송파구,7,281187.46216
송파구,8,321520.72416
송파구,9,292315.47516
송파구,10,216907.63116
송파구,11,201914.23416
송파구,12,231505.89716
양천구,1,145649.017
양천구,2,142488.648
양천구,3,132356.719
양천구,4,125903.35
양천구,5,118892.296
양천구,6,126341.466
양천구,7,153214.262
양천구,8,181116.201
양천구,9,168366.3
양천구,10,132938.173
양천구,11,120427.848
양천구,12,127465.79
영등포구,1,232681.638
영등포구,2,227026.572
영등포구,3,204657.573
영등포구,4,193884.239
영등포구,5,189767.995
영등포구,6,210023.954
영등포구,7,266539.227
영등포구,8,289463.556
영등포구,9,261997.995
영등포구,10,195906.925
영등포구,11,168119.809
영등포구,12,192194.641
용산구,1,130686.161
용산구,2,129120.454
용산구,3,112572.979
용산구,4,108666.583
용산구,5,104549.34
용산구,6,117860.44
용산구,7,144600.179
용산구,8,161766.36
용산구,9,149049.783
용산구,10,113931.16
용산구,11,107163.253
용산구,12,119182.769
은평구,1,129297.395
은평구,2,129930.767
은평구,3,112248.124
은평구,4,108537.462
은평구,5,100958.431
은평구,6,109903.995
은평구,7,138494.094
은평구,8,164238.552
은평구,9,149727.303
은평구,10,112530.863
은평구,11,108360.094
은평구,12,118056.836
종로구,1,153750.754
종로구,2,150763.146
종로구,3,130701.368
종로구,4,121677.201
종로구,5,116418.188
종로구,6,132068.317
종로구,7,164889.616
종로구,8,176794.201
종로구,9,162815.305
종로구,10,120342.688
종로구,11,108191.116
종로구,12,128727.45
중구,1,204127.797
중구,2,199080.97
중구,3,176063.62
중구,4,164939.835
중구,5,163007.464
중구,6,178265.372
중구,7,224698.136
중구,8,233943.521
중구,9,213929.707
중구,10,156972.107
중구,11,148419.373
중구,12,175046.511
중랑구,1,102228.931
중랑구,2,101637.318
중랑구,3,87344.171
중랑구,4,82266.563
중랑구,5,75619.047
중랑구,6,81599.128
중랑구,7,103821.47
중랑구,8,123300.684
중랑구,9,112820.521
중랑구,10,81287.062
중랑구,11,77584.434
중랑구,12,86366.075
