datetime,region,power_mwh,temp_c,hour,weekday,month,season
2024-01-01 00:00:00,강원도,2979.4033273006844,-1.2,0,0,1,winter
2024-01-01 01:00:00,강원도,2979.268069,-0.0,1,0,1,winter
2024-01-01 02:00:00,강원도,2719.378647,0.3,2,0,1,winter
2024-01-01 03:00:00,강원도,2623.847087,-0.4,3,0,1,winter
2024-01-01 04:00:00,강원도,2485.809427,-1.6,4,0,1,winter
2024-01-01 05:00:00,강원도,2461.844364,-2.3,5,0,1,winter
2024-01-01 06:00:00,강원도,2463.543755,-2.7,6,0,1,winter
2024-01-01 07:00:00,강원도,2835.632143,-2.5,7,0,1,winter
2024-01-01 08:00:00,강원도,2952.491118,-1.2,8,0,1,winter
2024-01-01 09:00:00,강원도,2950.819322,0.4,9,0,1,winter
2024-01-01 10:00:00,강원도,2870.106892,2.2,10,0,1,winter
2024-01-01 11:00:00,강원도,2690.357074,3.6,11,0,1,winter
2024-01-01 12:00:00,강원도,2534.337583,4.8,12,0,1,winter
2024-01-01 13:00:00,강원도,2579.172231,5.3,13,0,1,winter
2024-01-01 14:00:00,강원도,2643.541295,5.6,14,0,1,winter
2024-01-01 15:00:00,강원도,2581.738602,5.6,15,0,1,winter
2024-01-01 16:00:00,강원도,2786.59549,5.4,16,0,1,winter
2024-01-01 17:00:00,강원도,2945.607096,4.1,17,0,1,winter
2024-01-01 18:00:00,강원도,3292.134179,3.3,18,0,1,winter
2024-01-01 19:00:00,강원도,3330.758261,2.8,19,0,1,winter
2024-01-01 20:00:00,강원도,3407.082743,0.5,20,0,1,winter
2024-01-01 21:00:00,강원도,3317.760144,1.9,21,0,1,winter
2024-01-01 22:00:00,강원도,3209.358455,1.8,22,0,1,winter
2024-01-01 23:00:00,강원도,3322.846127,1.4,23,0,1,winter
2024-01-02 00:00:00,강원도,3452.166883,0.3,0,1,1,winter
2024-01-02 01:00:00,강원도,3128.887067,-0.1,1,1,1,winter
2024-01-02 02:00:00,강원도,3028.81459,-0.1,2,1,1,winter
2024-01-02 03:00:00,강원도,3004.128678,0.3,3,1,1,winter
2024-01-02 04:00:00,강원도,3292.645078,0.3,4,1,1,winter
2024-01-02 05:00:00,강원도,3130.280155,-0.5,5,1,1,winter
2024-01-02 06:00:00,강원도,2977.57381,0.1,6,1,1,winter
2024-01-02 07:00:00,강원도,3242.055965,0.3,7,1,1,winter
2024-01-02 08:00:00,강원도,3346.939674,0.3,8,1,1,winter
2024-01-02 09:00:00,강원도,3581.386824,0.7,9,1,1,winter
2024-01-02 10:00:00,강원도,3840.453004,1.8,10,1,1,winter
2024-01-02 11:00:00,강원도,4008.213923,2.9,11,1,1,winter
2024-01-02 12:00:00,강원도,4110.621414,3.7,12,1,1,winter
2024-01-02 13:00:00,강원도,3895.356223,4.1,13,1,1,winter
2024-01-02 14:00:00,강원도,4227.848479,4.3,14,1,1,winter
2024-01-02 15:00:00,강원도,4173.545773,4.1,15,1,1,winter
2024-01-02 16:00:00,강원도,4189.312302,3.4,16,1,1,winter
2024-01-02 17:00:00,강원도,4326.925592,1.3,17,1,1,winter
2024-01-02 18:00:00,강원도,4221.569525,-1.1,18,1,1,winter
2024-01-02 19:00:00,강원도,4023.28595,-1.0,19,1,1,winter
2024-01-02 20:00:00,강원도,3847.107496,-0.6,20,1,1,winter
2024-01-02 21:00:00,강원도,3624.307222,-1.1,21,1,1,winter
2024-01-02 22:00:00,강원도,3491.865166,-1.2,22,1,1,winter
2024-01-02 23:00:00,강원도,3511.521083,-1.3,23,1,1,winter
2024-01-03 00:00:00,강원도,3492.702066,-1.0,0,2,1,winter
2024-01-03 01:00:00,강원도,3409.625589,-1.7,1,2,1,winter
2024-01-03 02:00:00,강원도,3115.799281,-1.4,2,2,1,winter
2024-01-03 03:00:00,강원도,3118.510368,-0.8,3,2,1,winter
2024-01-03 04:00:00,강원도,3120.254221,-0.3,4,2,1,winter
2024-01-03 05:00:00,강원도,3125.314114,-0.1,5,2,1,winter
2024-01-03 06:00:00,강원도,3117.878507,-0.2,6,2,1,winter
2024-01-03 07:00:00,강원도,3191.029664,-0.3,7,2,1,winter
2024-01-03 08:00:00,강원도,3353.008958,-1.0,8,2,1,winter
2024-01-03 09:00:00,강원도,3597.397206,0.5,9,2,1,winter
2024-01-03 10:00:00,강원도,3980.253599,1.9,10,2,1,winter
2024-01-03 11:00:00,강원도,4035.868563,2.8,11,2,1,winter
2024-01-03 12:00:00,강원도,4075.432066,3.3,12,2,1,winter
2024-01-03 13:00:00,강원도,3815.774292,3.7,13,2,1,winter
2024-01-03 14:00:00,강원도,3906.291929,3.5,14,2,1,winter
2024-01-03 15:00:00,강원도,3946.612669,3.7,15,2,1,winter
2024-01-03 16:00:00,강원도,4039.008836,3.3,16,2,1,winter
2024-01-03 17:00:00,강원도,4025.871078,2.2,17,2,1,winter
2024-01-03 18:00:00,강원도,4221.719553,0.8,18,2,1,winter
2024-01-03 19:00:00,강원도,4480.397241,-2.2,19,2,1,winter
2024-01-03 20:00:00,강원도,4560.867368,-2.8,20,2,1,winter
2024-01-03 21:00:00,강원도,4513.467823,-3.7,21,2,1,winter
2024-01-03 22:00:00,강원도,4180.494181,-1.8,22,2,1,winter
2024-01-03 23:00:00,강원도,4145.386717,-2.5,23,2,1,winter
2024-01-04 00:00:00,강원도,4199.714751,-3.0,0,3,1,winter
2024-01-04 01:00:00,강원도,4117.993215,-4.9,1,3,1,winter
2024-01-04 02:00:00,강원도,4107.504734,-4.8,2,3,1,winter
2024-01-04 03:00:00,강원도,4118.960131,-5.6,3,3,1,winter
2024-01-04 04:00:00,강원도,4111.291135,-5.6,4,3,1,winter
2024-01-04 05:00:00,강원도,4157.057325,-5.1,5,3,1,winter
2024-01-04 06:00:00,강원도,4165.261408,-5.3,6,3,1,winter
2024-01-04 07:00:00,강원도,4191.743,-5.8,7,3,1,winter
2024-01-04 08:00:00,강원도,4245.958439,-5.5,8,3,1,winter
2024-01-04 09:00:00,강원도,4400.545376,-3.4,9,3,1,winter
2024-01-04 10:00:00,강원도,4451.516725,-1.9,10,3,1,winter
2024-01-04 11:00:00,강원도,4485.401113,-0.5,11,3,1,winter
2024-01-04 12:00:00,강원도,4632.582072,0.4,12,3,1,winter
2024-01-04 13:00:00,강원도,4493.006511,1.8,13,3,1,winter
2024-01-04 14:00:00,강원도,4623.874708,3.2,14,3,1,winter
2024-01-04 15:00:00,강원도,4659.274771,4.1,15,3,1,winter
2024-01-04 16:00:00,강원도,4944.763212,3.9,16,3,1,winter
2024-01-04 17:00:00,강원도,5332.78757,2.4,17,3,1,winter
2024-01-04 18:00:00,강원도,5421.182045,-0.0,18,3,1,winter
2024-01-04 19:00:00,강원도,5422.260411,-0.6,19,3,1,winter
2024-01-04 20:00:00,강원도,5366.032219,-1.1,20,3,1,winter
2024-01-04 21:00:00,강원도,5279.852595,-1.0,21,3,1,winter
2024-01-04 22:00:00,강원도,4935.942452,-0.9,22,3,1,winter
2024-01-04 23:00:00,강원도,4926.56984,-0.3,23,3,1,winter
2024-01-05 00:00:00,강원도,4999.116477,-0.0,0,4,1,winter
2024-01-05 01:00:00,강원도,4870.112882,0.3,1,4,1,winter
2024-01-05 02:00:00,강원도,4554.529668,0.2,2,4,1,winter
2024-01-05 03:00:00,강원도,4532.731263,0.5,3,4,1,winter
2024-01-05 04:00:00,강원도,4511.717843,0.5,4,4,1,winter
2024-01-05 05:00:00,강원도,4496.913761,0.9,5,4,1,winter
2024-01-05 06:00:00,강원도,4490.196668,1.6,6,4,1,winter
2024-01-05 07:00:00,강원도,4624.799137,2.2,7,4,1,winter
2024-01-05 08:00:00,강원도,4677.284448,2.4,8,4,1,winter
2024-01-05 09:00:00,강원도,5013.776647,3.0,9,4,1,winter
2024-01-05 10:00:00,강원도,5160.804174,4.7,10,4,1,winter
2024-01-05 11:00:00,강원도,5239.119405,5.4,11,4,1,winter
2024-01-05 12:00:00,강원도,5163.117545,6.4,12,4,1,winter
2024-01-05 13:00:00,강원도,4859.25045,7.3,13,4,1,winter
2024-01-05 14:00:00,강원도,4945.198056,7.7,14,4,1,winter
2024-01-05 15:00:00,강원도,4921.843547,7.6,15,4,1,winter
2024-01-05 16:00:00,강원도,5007.823386,6.9,16,4,1,winter
2024-01-05 17:00:00,강원도,5266.813152,4.6,17,4,1,winter
2024-01-05 18:00:00,강원도,5266.270703,1.7,18,4,1,winter
2024-01-05 19:00:00,강원도,5015.226506,0.8,19,4,1,winter
2024-01-05 20:00:00,강원도,5016.704003,-0.3,20,4,1,winter
2024-01-05 21:00:00,강원도,4943.471358,-1.8,21,4,1,winter
2024-01-05 22:00:00,강원도,4811.896382,-0.8,22,4,1,winter
2024-01-05 23:00:00,강원도,4808.759459,-2.5,23,4,1,winter
2024-01-06 00:00:00,강원도,5310.644052,-3.0,0,5,1,winter
2024-01-06 01:00:00,강원도,5251.206199,-3.6,1,5,1,winter
2024-01-06 02:00:00,강원도,4759.793858,-3.8,2,5,1,winter
2024-01-06 03:00:00,강원도,4629.213026,-4.2,3,5,1,winter
2024-01-06 04:00:00,강원도,4503.015111,-4.1,4,5,1,winter
2024-01-06 05:00:00,강원도,4238.707904,-4.4,5,5,1,winter
2024-01-06 06:00:00,강원도,4083.869375,-4.9,6,5,1,winter
2024-01-06 07:00:00,강원도,3932.459355,-5.0,7,5,1,winter
2024-01-06 08:00:00,강원도,3845.115397,-5.1,8,5,1,winter
2024-01-06 09:00:00,강원도,4075.888287,-3.2,9,5,1,winter
2024-01-06 10:00:00,강원도,4078.201733,-0.3,10,5,1,winter
2024-01-06 11:00:00,강원도,4038.428305,1.3,11,5,1,winter
2024-01-06 12:00:00,강원도,3832.281361,2.8,12,5,1,winter
2024-01-06 13:00:00,강원도,3503.362368,3.6,13,5,1,winter
2024-01-06 14:00:00,강원도,3503.374698,3.9,14,5,1,winter
2024-01-06 15:00:00,강원도,3691.38822,3.6,15,5,1,winter
2024-01-06 16:00:00,강원도,3611.790902,2.9,16,5,1,winter
2024-01-06 17:00:00,강원도,3899.899242,1.4,17,5,1,winter
2024-01-06 18:00:00,강원도,4160.919244,-1.0,18,5,1,winter
2024-01-06 19:00:00,강원도,4294.47125,-1.7,19,5,1,winter
2024-01-06 20:00:00,강원도,4370.947884,-2.4,20,5,1,winter
2024-01-06 21:00:00,강원도,4186.084828,-0.5,21,5,1,winter
2024-01-06 22:00:00,강원도,3776.692018,-2.8,22,5,1,winter
2024-01-06 23:00:00,강원도,3773.779487,-3.5,23,5,1,winter
2024-01-07 00:00:00,강원도,3827.253377,-4.2,0,6,1,winter
2024-01-07 01:00:00,강원도,3828.922366,-4.3,1,6,1,winter
2024-01-07 02:00:00,강원도,3833.520775,-5.2,2,6,1,winter
2024-01-07 03:00:00,강원도,3785.870806,-5.0,3,6,1,winter
2024-01-07 04:00:00,강원도,3763.595668,-5.2,4,6,1,winter
2024-01-07 05:00:00,강원도,3789.899576,-5.5,5,6,1,winter
2024-01-07 06:00:00,강원도,3726.201845,-5.6,6,6,1,winter
2024-01-07 07:00:00,강원도,3775.011419,-5.5,7,6,1,winter
2024-01-07 08:00:00,강원도,3839.843506,-5.9,8,6,1,winter
2024-01-07 09:00:00,강원도,4080.284966,-5.0,9,6,1,winter
2024-01-07 10:00:00,강원도,4121.060062,-4.0,10,6,1,winter
2024-01-07 11:00:00,강원도,3928.714239,-3.3,11,6,1,winter
2024-01-07 12:00:00,강원도,3867.582684,-2.7,12,6,1,winter
2024-01-07 13:00:00,강원도,4026.091716,-2.4,13,6,1,winter
2024-01-07 14:00:00,강원도,3987.731482,-2.5,14,6,1,winter
2024-01-07 15:00:00,강원도,3963.185121,-2.9,15,6,1,winter
2024-01-07 16:00:00,강원도,3915.268357,-3.6,16,6,1,winter
2024-01-07 17:00:00,강원도,4385.182936,-4.9,17,6,1,winter
2024-01-07 18:00:00,강원도,4902.373631,-6.6,18,6,1,winter
2024-01-07 19:00:00,강원도,5063.462385,-7.6,19,6,1,winter
2024-01-07 20:00:00,강원도,5325.475769,-8.3,20,6,1,winter
2024-01-07 21:00:00,강원도,5235.674155,-7.9,21,6,1,winter
2024-01-07 22:00:00,강원도,5096.537805,-7.9,22,6,1,winter
2024-01-07 23:00:00,강원도,4956.858472,-7.5,23,6,1,winter
2024-01-01 00:00:00,대전시,42.72267202066168,1.5,0,0,1,winter
2024-01-01 01:00:00,대전시,42.7243,0.9,1,0,1,winter
2024-01-01 02:00:00,대전시,41.831812,-0.0,2,0,1,winter
2024-01-01 03:00:00,대전시,41.699432,-1.2,3,0,1,winter
2024-01-01 04:00:00,대전시,42.519116,-1.8,4,0,1,winter
2024-01-01 05:00:00,대전시,42.027754,-1.8,5,0,1,winter
2024-01-01 06:00:00,대전시,42.13841,-1.8,6,0,1,winter
2024-01-01 07:00:00,대전시,39.248516,-2.0,7,0,1,winter
2024-01-01 08:00:00,대전시,38.736987,-1.8,8,0,1,winter
2024-01-01 09:00:00,대전시,39.17974,-0.4,9,0,1,winter
2024-01-01 10:00:00,대전시,39.801564,2.0,10,0,1,winter
2024-01-01 11:00:00,대전시,40.638406,5.3,11,0,1,winter
2024-01-01 12:00:00,대전시,44.161128,7.3,12,0,1,winter
2024-01-01 13:00:00,대전시,43.446062,8.5,13,0,1,winter
2024-01-01 14:00:00,대전시,42.662511,8.1,14,0,1,winter
2024-01-01 15:00:00,대전시,37.758238,8.2,15,0,1,winter
2024-01-01 16:00:00,대전시,35.821031,7.6,16,0,1,winter
2024-01-01 17:00:00,대전시,38.496754,5.2,17,0,1,winter
2024-01-01 18:00:00,대전시,37.606531,5.7,18,0,1,winter
2024-01-01 19:00:00,대전시,37.640797,4.8,19,0,1,winter
2024-01-01 20:00:00,대전시,38.190452,0.9,20,0,1,winter
2024-01-01 21:00:00,대전시,39.235861,2.4,21,0,1,winter
2024-01-01 22:00:00,대전시,37.692496,4.6,22,0,1,winter
2024-01-01 23:00:00,대전시,39.557378,4.4,23,0,1,winter
2024-01-02 00:00:00,대전시,40.50028,3.9,0,1,1,winter
2024-01-02 01:00:00,대전시,41.214256,3.6,1,1,1,winter
2024-01-02 02:00:00,대전시,40.022152,3.2,2,1,1,winter
2024-01-02 03:00:00,대전시,38.875368,1.4,3,1,1,winter
2024-01-02 04:00:00,대전시,38.211096,0.8,4,1,1,winter
2024-01-02 05:00:00,대전시,39.867368,2.1,5,1,1,winter
2024-01-02 06:00:00,대전시,43.840075,2.7,6,1,1,winter
2024-01-02 07:00:00,대전시,42.101479,2.8,7,1,1,winter
2024-01-02 08:00:00,대전시,48.777948,3.1,8,1,1,winter
2024-01-02 09:00:00,대전시,49.783642,3.5,9,1,1,winter
2024-01-02 10:00:00,대전시,50.985214,5.2,10,1,1,winter
2024-01-02 11:00:00,대전시,53.353621,5.7,11,1,1,winter
2024-01-02 12:00:00,대전시,54.561054,6.1,12,1,1,winter
2024-01-02 13:00:00,대전시,52.765362,6.4,13,1,1,winter
2024-01-02 14:00:00,대전시,60.273133,6.0,14,1,1,winter
2024-01-02 15:00:00,대전시,62.935479,5.8,15,1,1,winter
2024-01-02 16:00:00,대전시,64.882627,5.4,16,1,1,winter
2024-01-02 17:00:00,대전시,62.561207,4.6,17,1,1,winter
2024-01-02 18:00:00,대전시,62.278469,3.8,18,1,1,winter
2024-01-02 19:00:00,대전시,63.623574,3.1,19,1,1,winter
2024-01-02 20:00:00,대전시,63.100513,2.2,20,1,1,winter
2024-01-02 21:00:00,대전시,63.478756,1.3,21,1,1,winter
2024-01-02 22:00:00,대전시,64.084229,1.4,22,1,1,winter
2024-01-02 23:00:00,대전시,60.35843,1.6,23,1,1,winter
2024-01-03 00:00:00,대전시,60.012007,1.1,0,2,1,winter
2024-01-03 01:00:00,대전시,62.187367,1.1,1,2,1,winter
2024-01-03 02:00:00,대전시,60.300629,0.7,2,2,1,winter
2024-01-03 03:00:00,대전시,56.96732,0.7,3,2,1,winter
2024-01-03 04:00:00,대전시,57.341993,0.8,4,2,1,winter
2024-01-03 05:00:00,대전시,59.273064,0.7,5,2,1,winter
2024-01-03 06:00:00,대전시,59.251351,0.3,6,2,1,winter
2024-01-03 07:00:00,대전시,57.782729,-0.1,7,2,1,winter
2024-01-03 08:00:00,대전시,62.187052,-0.0,8,2,1,winter
2024-01-03 09:00:00,대전시,59.142841,1.3,9,2,1,winter
2024-01-03 10:00:00,대전시,62.19385,3.0,10,2,1,winter
2024-01-03 11:00:00,대전시,62.222107,4.1,11,2,1,winter
2024-01-03 12:00:00,대전시,63.021258,5.0,12,2,1,winter
2024-01-03 13:00:00,대전시,63.144416,5.6,13,2,1,winter
2024-01-03 14:00:00,대전시,61.76724,5.2,14,2,1,winter
2024-01-03 15:00:00,대전시,62.594287,4.9,15,2,1,winter
2024-01-03 16:00:00,대전시,60.5672,4.3,16,2,1,winter
2024-01-03 17:00:00,대전시,61.047536,3.8,17,2,1,winter
2024-01-03 18:00:00,대전시,57.762919,1.3,18,2,1,winter
2024-01-03 19:00:00,대전시,60.646046,-0.3,19,2,1,winter
2024-01-03 20:00:00,대전시,63.669643,-0.6,20,2,1,winter
2024-01-03 21:00:00,대전시,64.100901,-1.7,21,2,1,winter
2024-01-03 22:00:00,대전시,66.085636,-1.5,22,2,1,winter
2024-01-03 23:00:00,대전시,63.675208,-2.4,23,2,1,winter
2024-01-04 00:00:00,대전시,61.132959,-3.0,0,3,1,winter
2024-01-04 01:00:00,대전시,61.594209,-3.0,1,3,1,winter
2024-01-04 02:00:00,대전시,59.200684,-1.6,2,3,1,winter
2024-01-04 03:00:00,대전시,60.117479,-1.4,3,3,1,winter
2024-01-04 04:00:00,대전시,59.983567,-1.6,4,3,1,winter
2024-01-04 05:00:00,대전시,63.016909,-2.3,5,3,1,winter
2024-01-04 06:00:00,대전시,61.314235,-3.8,6,3,1,winter
2024-01-04 07:00:00,대전시,67.282192,-4.9,7,3,1,winter
2024-01-04 08:00:00,대전시,74.350212,-4.5,8,3,1,winter
2024-01-04 09:00:00,대전시,65.865089,-0.8,9,3,1,winter
2024-01-04 10:00:00,대전시,66.032159,1.7,10,3,1,winter
2024-01-04 11:00:00,대전시,68.899669,3.1,11,3,1,winter
2024-01-04 12:00:00,대전시,73.593103,4.3,12,3,1,winter
2024-01-04 13:00:00,대전시,72.865628,5.5,13,3,1,winter
2024-01-04 14:00:00,대전시,69.513458,6.0,14,3,1,winter
2024-01-04 15:00:00,대전시,65.00519,5.9,15,3,1,winter
2024-01-04 16:00:00,대전시,57.935038,5.8,16,3,1,winter
2024-01-04 17:00:00,대전시,57.264781,4.2,17,3,1,winter
2024-01-04 18:00:00,대전시,62.161495,1.1,18,3,1,winter
2024-01-04 19:00:00,대전시,59.483796,0.5,19,3,1,winter
2024-01-04 20:00:00,대전시,64.480389,0.8,20,3,1,winter
2024-01-04 21:00:00,대전시,70.615928,1.1,21,3,1,winter
2024-01-04 22:00:00,대전시,76.95134,1.6,22,3,1,winter
2024-01-04 23:00:00,대전시,71.368901,1.3,23,3,1,winter
2024-01-05 00:00:00,대전시,69.649763,1.6,0,4,1,winter
2024-01-05 01:00:00,대전시,57.408331,2.0,1,4,1,winter
2024-01-05 02:00:00,대전시,54.838603,2.4,2,4,1,winter
2024-01-05 03:00:00,대전시,52.97377,2.6,3,4,1,winter
2024-01-05 04:00:00,대전시,51.210657,2.9,4,4,1,winter
2024-01-05 05:00:00,대전시,51.741041,3.1,5,4,1,winter
2024-01-05 06:00:00,대전시,52.666821,3.2,6,4,1,winter
2024-01-05 07:00:00,대전시,52.560697,3.4,7,4,1,winter
2024-01-05 08:00:00,대전시,50.962447,3.4,8,4,1,winter
2024-01-05 09:00:00,대전시,53.570636,4.8,9,4,1,winter
2024-01-05 10:00:00,대전시,52.137931,6.7,10,4,1,winter
2024-01-05 11:00:00,대전시,52.483842,7.7,11,4,1,winter
2024-01-05 12:00:00,대전시,54.968718,8.3,12,4,1,winter
2024-01-05 13:00:00,대전시,57.659892,9.2,13,4,1,winter
2024-01-05 14:00:00,대전시,57.312486,9.0,14,4,1,winter
2024-01-05 15:00:00,대전시,56.870524,9.0,15,4,1,winter
2024-01-05 16:00:00,대전시,54.510885,9.1,16,4,1,winter
2024-01-05 17:00:00,대전시,51.361509,8.0,17,4,1,winter
2024-01-05 18:00:00,대전시,51.428096,6.1,18,4,1,winter
2024-01-05 19:00:00,대전시,49.898911,3.6,19,4,1,winter
2024-01-05 20:00:00,대전시,50.427303,2.4,20,4,1,winter
2024-01-05 21:00:00,대전시,49.648173,1.5,21,4,1,winter
2024-01-05 22:00:00,대전시,50.189335,4.2,22,4,1,winter
2024-01-05 23:00:00,대전시,51.313749,1.6,23,4,1,winter
2024-01-06 00:00:00,대전시,56.430665,0.9,0,5,1,winter
2024-01-06 01:00:00,대전시,55.450541,-1.1,1,5,1,winter
2024-01-06 02:00:00,대전시,55.185199,-2.1,2,5,1,winter
2024-01-06 03:00:00,대전시,56.147172,-2.4,3,5,1,winter
2024-01-06 04:00:00,대전시,54.73775,-3.1,4,5,1,winter
2024-01-06 05:00:00,대전시,54.602656,-3.7,5,5,1,winter
2024-01-06 06:00:00,대전시,53.938979,-4.0,6,5,1,winter
2024-01-06 07:00:00,대전시,55.034882,-4.4,7,5,1,winter
2024-01-06 08:00:00,대전시,52.667729,-4.8,8,5,1,winter
2024-01-06 09:00:00,대전시,53.901956,-2.5,9,5,1,winter
2024-01-06 10:00:00,대전시,55.531181,1.6,10,5,1,winter
2024-01-06 11:00:00,대전시,53.810437,2.6,11,5,1,winter
2024-01-06 12:00:00,대전시,56.821945,3.6,12,5,1,winter
2024-01-06 13:00:00,대전시,58.391273,4.4,13,5,1,winter
2024-01-06 14:00:00,대전시,56.321457,4.9,14,5,1,winter
2024-01-06 15:00:00,대전시,52.338685,5.0,15,5,1,winter
2024-01-06 16:00:00,대전시,49.485875,4.7,16,5,1,winter
2024-01-06 17:00:00,대전시,46.443594,3.3,17,5,1,winter
2024-01-06 18:00:00,대전시,48.195822,0.6,18,5,1,winter
2024-01-06 19:00:00,대전시,50.806171,-1.0,19,5,1,winter
2024-01-06 20:00:00,대전시,50.300427,-1.8,20,5,1,winter
2024-01-06 21:00:00,대전시,51.84956,-1.6,21,5,1,winter
2024-01-06 22:00:00,대전시,53.124145,0.2,22,5,1,winter
2024-01-06 23:00:00,대전시,51.472501,-0.5,23,5,1,winter
2024-01-07 00:00:00,대전시,53.872079,-1.1,0,6,1,winter
2024-01-07 01:00:00,대전시,51.140859,-1.9,1,6,1,winter
2024-01-07 02:00:00,대전시,52.270907,-2.4,2,6,1,winter
2024-01-07 03:00:00,대전시,51.677981,-3.1,3,6,1,winter
2024-01-07 04:00:00,대전시,50.832727,-3.6,4,6,1,winter
2024-01-07 05:00:00,대전시,50.113183,-4.1,5,6,1,winter
2024-01-07 06:00:00,대전시,52.981247,-4.3,6,6,1,winter
2024-01-07 07:00:00,대전시,52.433025,-4.0,7,6,1,winter
2024-01-07 08:00:00,대전시,54.865242,-3.6,8,6,1,winter
2024-01-07 09:00:00,대전시,56.93633,-3.2,9,6,1,winter
2024-01-07 10:00:00,대전시,56.00536,-1.7,10,6,1,winter
2024-01-07 11:00:00,대전시,54.503758,-1.2,11,6,1,winter
2024-01-07 12:00:00,대전시,58.595309,-0.0,12,6,1,winter
2024-01-07 13:00:00,대전시,59.470667,-0.0,13,6,1,winter
2024-01-07 14:00:00,대전시,59.260029,-0.4,14,6,1,winter
2024-01-07 15:00:00,대전시,52.963256,-0.8,15,6,1,winter
2024-01-07 16:00:00,대전시,52.758785,-1.0,16,6,1,winter
2024-01-07 17:00:00,대전시,53.44158,-2.1,17,6,1,winter
2024-01-07 18:00:00,대전시,58.511049,-3.1,18,6,1,winter
2024-01-07 19:00:00,대전시,62.143219,-4.1,19,6,1,winter
2024-01-07 20:00:00,대전시,60.905361,-4.8,20,6,1,winter
2024-01-07 21:00:00,대전시,62.799861,-5.2,21,6,1,winter
2024-01-07 22:00:00,대전시,61.080449,-5.1,22,6,1,winter
2024-01-07 23:00:00,대전시,63.172509,-5.7,23,6,1,winter
2024-01-01 00:00:00,부산시,4465.8286490456585,1.6,0,0,1,winter
2024-01-01 01:00:00,부산시,4466.363537,1.3,1,0,1,winter
2024-01-01 02:00:00,부산시,4465.548143,1.5,2,0,1,winter
2024-01-01 03:00:00,부산시,4465.059508,1.8,3,0,1,winter
2024-01-01 04:00:00,부산시,4465.708766,1.8,4,0,1,winter
2024-01-01 05:00:00,부산시,4466.742403,1.6,5,0,1,winter
2024-01-01 06:00:00,부산시,4465.524963,1.6,6,0,1,winter
2024-01-01 07:00:00,부산시,4464.658244,1.5,7,0,1,winter
2024-01-01 08:00:00,부산시,4464.822686,1.6,8,0,1,winter
2024-01-01 09:00:00,부산시,4472.908863,4.1,9,0,1,winter
2024-01-01 10:00:00,부산시,4494.510539,6.1,10,0,1,winter
2024-01-01 11:00:00,부산시,4516.0154,8.1,11,0,1,winter
2024-01-01 12:00:00,부산시,4526.196171,8.6,12,0,1,winter
2024-01-01 13:00:00,부산시,4528.11456,9.5,13,0,1,winter
2024-01-01 14:00:00,부산시,4516.233883,9.5,14,0,1,winter
2024-01-01 15:00:00,부산시,4497.947605,9.0,15,0,1,winter
2024-01-01 16:00:00,부산시,4485.928002,8.4,16,0,1,winter
2024-01-01 17:00:00,부산시,4476.198847,7.4,17,0,1,winter
2024-01-01 18:00:00,부산시,4468.91492,5.8,18,0,1,winter
2024-01-01 19:00:00,부산시,4467.6693,3.9,19,0,1,winter
2024-01-01 20:00:00,부산시,4467.101516,3.5,20,0,1,winter
2024-01-01 21:00:00,부산시,4466.028529,2.7,21,0,1,winter
2024-01-01 22:00:00,부산시,4464.814441,0.3,22,0,1,winter
2024-01-01 23:00:00,부산시,4465.797574,-0.3,23,0,1,winter
2024-01-02 00:00:00,부산시,4468.400544,1.2,0,1,1,winter
2024-01-02 01:00:00,부산시,4465.206475,2.3,1,1,1,winter
2024-01-02 02:00:00,부산시,4463.647556,2.0,2,1,1,winter
2024-01-02 03:00:00,부산시,4463.11067,1.9,3,1,1,winter
2024-01-02 04:00:00,부산시,4464.066486,2.4,4,1,1,winter
2024-01-02 05:00:00,부산시,4463.397474,2.6,5,1,1,winter
2024-01-02 06:00:00,부산시,4520.073655,3.0,6,1,1,winter
2024-01-02 07:00:00,부산시,4587.544208,2.5,7,1,1,winter
2024-01-02 08:00:00,부산시,4600.72675,3.0,8,1,1,winter
2024-01-02 09:00:00,부산시,4885.321285,4.2,9,1,1,winter
2024-01-02 10:00:00,부산시,5266.400575,6.2,10,1,1,winter
2024-01-02 11:00:00,부산시,5001.090877,8.3,11,1,1,winter
2024-01-02 12:00:00,부산시,4892.824822,8.9,12,1,1,winter
2024-01-02 13:00:00,부산시,4894.766801,9.6,13,1,1,winter
2024-01-02 14:00:00,부산시,4904.808676,9.9,14,1,1,winter
2024-01-02 15:00:00,부산시,4899.919983,9.6,15,1,1,winter
2024-01-02 16:00:00,부산시,4902.035211,9.1,16,1,1,winter
2024-01-02 17:00:00,부산시,5083.813045,7.2,17,1,1,winter
2024-01-02 18:00:00,부산시,5243.236083,5.1,18,1,1,winter
2024-01-02 19:00:00,부산시,5241.001239,4.1,19,1,1,winter
2024-01-02 20:00:00,부산시,5125.905423,3.3,20,1,1,winter
2024-01-02 21:00:00,부산시,4853.091973,2.2,21,1,1,winter
2024-01-02 22:00:00,부산시,4852.05614,3.8,22,1,1,winter
2024-01-02 23:00:00,부산시,4702.803536,3.0,23,1,1,winter
2024-01-03 00:00:00,부산시,4468.030283,2.6,0,2,1,winter
2024-01-03 01:00:00,부산시,4462.243978,2.5,1,2,1,winter
2024-01-03 02:00:00,부산시,4460.999317,2.8,2,2,1,winter
2024-01-03 03:00:00,부산시,4461.840139,2.3,3,2,1,winter
2024-01-03 04:00:00,부산시,4460.12911,2.2,4,2,1,winter
2024-01-03 05:00:00,부산시,4460.834519,2.2,5,2,1,winter
2024-01-03 06:00:00,부산시,4459.12802,2.2,6,2,1,winter
2024-01-03 07:00:00,부산시,4480.816536,2.2,7,2,1,winter
2024-01-03 08:00:00,부산시,4737.241999,1.9,8,2,1,winter
2024-01-03 09:00:00,부산시,5277.516214,1.5,9,2,1,winter
2024-01-03 10:00:00,부산시,5276.805242,3.2,10,2,1,winter
2024-01-03 11:00:00,부산시,5270.515886,4.4,11,2,1,winter
2024-01-03 12:00:00,부산시,5280.833648,5.3,12,2,1,winter
2024-01-03 13:00:00,부산시,5287.213507,6.0,13,2,1,winter
2024-01-03 14:00:00,부산시,5300.021536,7.2,14,2,1,winter
2024-01-03 15:00:00,부산시,5292.932578,7.2,15,2,1,winter
2024-01-03 16:00:00,부산시,5278.759074,7.1,16,2,1,winter
2024-01-03 17:00:00,부산시,5255.05483,5.6,17,2,1,winter
2024-01-03 18:00:00,부산시,5243.12499,3.8,18,2,1,winter
2024-01-03 19:00:00,부산시,5016.695366,2.5,19,2,1,winter
2024-01-03 20:00:00,부산시,4851.751537,1.8,20,2,1,winter
2024-01-03 21:00:00,부산시,4851.774079,0.7,21,2,1,winter
2024-01-03 22:00:00,부산시,4849.60186,1.2,22,2,1,winter
2024-01-03 23:00:00,부산시,4849.808569,0.4,23,2,1,winter
2024-01-04 00:00:00,부산시,4816.584548,-0.1,0,3,1,winter
2024-01-04 01:00:00,부산시,4455.320423,-0.2,1,3,1,winter
2024-01-04 02:00:00,부산시,4455.520862,-0.6,2,3,1,winter
2024-01-04 03:00:00,부산시,4456.180806,-1.1,3,3,1,winter
2024-01-04 04:00:00,부산시,4455.405349,-1.7,4,3,1,winter
2024-01-04 05:00:00,부산시,4455.060386,-2.2,5,3,1,winter
2024-01-04 06:00:00,부산시,4453.722029,-2.8,6,3,1,winter
2024-01-04 07:00:00,부산시,4481.389495,-3.5,7,3,1,winter
2024-01-04 08:00:00,부산시,4809.108494,-3.8,8,3,1,winter
2024-01-04 09:00:00,부산시,5430.039351,-1.5,9,3,1,winter
2024-01-04 10:00:00,부산시,5305.877789,2.2,10,3,1,winter
2024-01-04 11:00:00,부산시,5213.259787,4.2,11,3,1,winter
2024-01-04 12:00:00,부산시,4918.807797,5.8,12,3,1,winter
2024-01-04 13:00:00,부산시,4924.320802,6.8,13,3,1,winter
2024-01-04 14:00:00,부산시,4922.24705,7.3,14,3,1,winter
2024-01-04 15:00:00,부산시,4913.983726,7.5,15,3,1,winter
2024-01-04 16:00:00,부산시,4949.579665,7.1,16,3,1,winter
2024-01-04 17:00:00,부산시,5141.483623,5.1,17,3,1,winter
2024-01-04 18:00:00,부산시,5305.949813,2.8,18,3,1,winter
2024-01-04 19:00:00,부산시,5242.786856,1.4,19,3,1,winter
2024-01-04 20:00:00,부산시,5241.102045,1.6,20,3,1,winter
2024-01-04 21:00:00,부산시,4902.411827,2.2,21,3,1,winter
2024-01-04 22:00:00,부산시,4573.68752,1.0,22,3,1,winter
2024-01-04 23:00:00,부산시,4461.543079,0.3,23,3,1,winter
2024-01-05 00:00:00,부산시,4467.165873,-0.8,0,4,1,winter
2024-01-05 01:00:00,부산시,4461.15186,-0.6,1,4,1,winter
2024-01-05 02:00:00,부산시,4460.34351,-0.9,2,4,1,winter
2024-01-05 03:00:00,부산시,4459.739053,-1.0,3,4,1,winter
2024-01-05 04:00:00,부산시,4459.333804,-1.3,4,4,1,winter
2024-01-05 05:00:00,부산시,4459.764677,-1.4,5,4,1,winter
2024-01-05 06:00:00,부산시,4465.262069,-1.5,6,4,1,winter
2024-01-05 07:00:00,부산시,4636.844757,-1.4,7,4,1,winter
2024-01-05 08:00:00,부산시,5141.630356,-0.4,8,4,1,winter
2024-01-05 09:00:00,부산시,5267.088249,2.9,9,4,1,winter
2024-01-05 10:00:00,부산시,5276.741477,5.4,10,4,1,winter
2024-01-05 11:00:00,부산시,5293.915779,8.2,11,4,1,winter
2024-01-05 12:00:00,부산시,5266.473896,9.6,12,4,1,winter
2024-01-05 13:00:00,부산시,5065.245283,10.5,13,4,1,winter
2024-01-05 14:00:00,부산시,4912.080837,11.1,14,4,1,winter
2024-01-05 15:00:00,부산시,4899.436783,11.3,15,4,1,winter
2024-01-05 16:00:00,부산시,4884.868925,10.8,16,4,1,winter
2024-01-05 17:00:00,부산시,4865.122913,7.6,17,4,1,winter
2024-01-05 18:00:00,부산시,4856.759828,7.9,18,4,1,winter
2024-01-05 19:00:00,부산시,4856.532303,6.8,19,4,1,winter
2024-01-05 20:00:00,부산시,4858.251017,3.5,20,4,1,winter
2024-01-05 21:00:00,부산시,4858.523786,2.0,21,4,1,winter
2024-01-05 22:00:00,부산시,4582.702814,3.6,22,4,1,winter
2024-01-05 23:00:00,부산시,4466.269105,3.4,23,4,1,winter
2024-01-06 00:00:00,부산시,4465.775424,2.8,0,5,1,winter
2024-01-06 01:00:00,부산시,4464.820723,2.0,1,5,1,winter
2024-01-06 02:00:00,부산시,4466.210272,1.1,2,5,1,winter
2024-01-06 03:00:00,부산시,4466.961552,1.1,3,5,1,winter
2024-01-06 04:00:00,부산시,4467.000402,0.9,4,5,1,winter
2024-01-06 05:00:00,부산시,4468.687076,0.2,5,5,1,winter
2024-01-06 06:00:00,부산시,4477.785818,-0.8,6,5,1,winter
2024-01-06 07:00:00,부산시,4645.644734,-1.7,7,5,1,winter
2024-01-06 08:00:00,부산시,4857.216152,-1.9,8,5,1,winter
2024-01-06 09:00:00,부산시,4865.818119,1.4,9,5,1,winter
2024-01-06 10:00:00,부산시,4884.942146,5.8,10,5,1,winter
2024-01-06 11:00:00,부산시,4561.232017,6.7,11,5,1,winter
2024-01-06 12:00:00,부산시,4528.151933,7.2,12,5,1,winter
2024-01-06 13:00:00,부산시,4532.787711,7.7,13,5,1,winter
2024-01-06 14:00:00,부산시,4525.93949,7.9,14,5,1,winter
2024-01-06 15:00:00,부산시,4522.225977,7.7,15,5,1,winter
2024-01-06 16:00:00,부산시,4655.802438,6.9,16,5,1,winter
2024-01-06 17:00:00,부산시,4912.945153,5.4,17,5,1,winter
2024-01-06 18:00:00,부산시,4926.371015,2.8,18,5,1,winter
2024-01-06 19:00:00,부산시,5132.518688,1.8,19,5,1,winter
2024-01-06 20:00:00,부산시,5243.026574,0.2,20,5,1,winter
2024-01-06 21:00:00,부산시,5241.792595,-0.6,21,5,1,winter
2024-01-06 22:00:00,부산시,5239.093417,-1.5,22,5,1,winter
2024-01-06 23:00:00,부산시,5241.865825,-0.3,23,5,1,winter
2024-01-07 00:00:00,부산시,5239.103687,-0.2,0,6,1,winter
2024-01-07 01:00:00,부산시,4909.13957,-0.2,1,6,1,winter
2024-01-07 02:00:00,부산시,4461.310455,-0.6,2,6,1,winter
2024-01-07 03:00:00,부산시,4461.873228,-1.1,3,6,1,winter
2024-01-07 04:00:00,부산시,4463.911928,-1.2,4,6,1,winter
2024-01-07 05:00:00,부산시,4464.32222,-2.0,5,6,1,winter
2024-01-07 06:00:00,부산시,4462.260819,-2.6,6,6,1,winter
2024-01-07 07:00:00,부산시,4463.178497,-3.0,7,6,1,winter
2024-01-07 08:00:00,부산시,4463.832671,-2.7,8,6,1,winter
2024-01-07 09:00:00,부산시,4473.08538,-1.4,9,6,1,winter
2024-01-07 10:00:00,부산시,4495.679071,1.5,10,6,1,winter
2024-01-07 11:00:00,부산시,4514.340388,2.5,11,6,1,winter
2024-01-07 12:00:00,부산시,4524.642421,2.7,12,6,1,winter
2024-01-07 13:00:00,부산시,4529.030246,2.7,13,6,1,winter
2024-01-07 14:00:00,부산시,4526.126476,2.2,14,6,1,winter
2024-01-07 15:00:00,부산시,4517.543553,1.6,15,6,1,winter
2024-01-07 16:00:00,부산시,4502.164423,1.3,16,6,1,winter
2024-01-07 17:00:00,부산시,4475.296028,0.5,17,6,1,winter
2024-01-07 18:00:00,부산시,4466.318427,-1.0,18,6,1,winter
2024-01-07 19:00:00,부산시,4464.739848,-2.2,19,6,1,winter
2024-01-07 20:00:00,부산시,4465.013043,-3.2,20,6,1,winter
2024-01-07 21:00:00,부산시,4461.808611,-4.0,21,6,1,winter
2024-01-07 22:00:00,부산시,4461.256243,-3.7,22,6,1,winter
2024-01-07 23:00:00,부산시,4461.880399,-4.1,23,6,1,winter
2024-01-01 00:00:00,서울시,463.63358995876854,-1.9,0,0,1,winter
2024-01-01 01:00:00,서울시,463.588553,-2.8,1,0,1,winter
2024-01-01 02:00:00,서울시,463.909342,-2.2,2,0,1,winter
2024-01-01 03:00:00,서울시,463.847167,-2.2,3,0,1,winter
2024-01-01 04:00:00,서울시,463.74691,-2.8,4,0,1,winter
2024-01-01 05:00:00,서울시,463.947576,-3.3,5,0,1,winter
2024-01-01 06:00:00,서울시,464.95511,-2.9,6,0,1,winter
2024-01-01 07:00:00,서울시,465.304198,-2.9,7,0,1,winter
2024-01-01 08:00:00,서울시,465.08062,-3.5,8,0,1,winter
2024-01-01 09:00:00,서울시,466.898522,-1.4,9,0,1,winter
2024-01-01 10:00:00,서울시,469.562111,1.8,10,0,1,winter
2024-01-01 11:00:00,서울시,468.827604,3.8,11,0,1,winter
2024-01-01 12:00:00,서울시,469.768459,5.1,12,0,1,winter
2024-01-01 13:00:00,서울시,466.119106,6.0,13,0,1,winter
2024-01-01 14:00:00,서울시,463.826959,6.4,14,0,1,winter
2024-01-01 15:00:00,서울시,459.378811,6.7,15,0,1,winter
2024-01-01 16:00:00,서울시,457.676206,5.9,16,0,1,winter
2024-01-01 17:00:00,서울시,457.419004,3.5,17,0,1,winter
2024-01-01 18:00:00,서울시,458.93909,2.0,18,0,1,winter
2024-01-01 19:00:00,서울시,458.697161,0.2,19,0,1,winter
2024-01-01 20:00:00,서울시,460.262843,-0.4,20,0,1,winter
2024-01-01 21:00:00,서울시,460.929891,0.4,21,0,1,winter
2024-01-01 22:00:00,서울시,461.435953,-0.1,22,0,1,winter
2024-01-01 23:00:00,서울시,461.160777,0.3,23,0,1,winter
2024-01-02 00:00:00,서울시,461.875771,0.8,0,1,1,winter
2024-01-02 01:00:00,서울시,463.060216,0.6,1,1,1,winter
2024-01-02 02:00:00,서울시,464.064616,0.8,2,1,1,winter
2024-01-02 03:00:00,서울시,463.593459,1.0,3,1,1,winter
2024-01-02 04:00:00,서울시,463.432899,-0.5,4,1,1,winter
2024-01-02 05:00:00,서울시,464.702155,0.3,5,1,1,winter
2024-01-02 06:00:00,서울시,464.803924,0.3,6,1,1,winter
2024-01-02 07:00:00,서울시,464.859301,0.2,7,1,1,winter
2024-01-02 08:00:00,서울시,464.150474,0.1,8,1,1,winter
2024-01-02 09:00:00,서울시,464.996226,0.6,9,1,1,winter
2024-01-02 10:00:00,서울시,466.951124,1.1,10,1,1,winter
2024-01-02 11:00:00,서울시,465.961493,2.0,11,1,1,winter
2024-01-02 12:00:00,서울시,464.324016,3.2,12,1,1,winter
2024-01-02 13:00:00,서울시,463.288435,3.7,13,1,1,winter
2024-01-02 14:00:00,서울시,463.715419,4.0,14,1,1,winter
2024-01-02 15:00:00,서울시,464.395851,4.0,15,1,1,winter
2024-01-02 16:00:00,서울시,466.991069,3.6,16,1,1,winter
2024-01-02 17:00:00,서울시,465.649638,2.7,17,1,1,winter
2024-01-02 18:00:00,서울시,465.549309,0.4,18,1,1,winter
2024-01-02 19:00:00,서울시,466.499829,0.1,19,1,1,winter
2024-01-02 20:00:00,서울시,468.009119,-0.9,20,1,1,winter
2024-01-02 21:00:00,서울시,466.826354,-0.9,21,1,1,winter
2024-01-02 22:00:00,서울시,467.258311,-1.6,22,1,1,winter
2024-01-02 23:00:00,서울시,467.055862,-1.5,23,1,1,winter
2024-01-03 00:00:00,서울시,467.452422,-1.2,0,2,1,winter
2024-01-03 01:00:00,서울시,469.598045,-1.0,1,2,1,winter
2024-01-03 02:00:00,서울시,469.869496,-0.5,2,2,1,winter
2024-01-03 03:00:00,서울시,473.883734,-0.4,3,2,1,winter
2024-01-03 04:00:00,서울시,475.054025,-1.0,4,2,1,winter
2024-01-03 05:00:00,서울시,477.491976,-1.1,5,2,1,winter
2024-01-03 06:00:00,서울시,475.48713,-1.0,6,2,1,winter
2024-01-03 07:00:00,서울시,474.63261,-1.5,7,2,1,winter
2024-01-03 08:00:00,서울시,473.40674,-1.4,8,2,1,winter
2024-01-03 09:00:00,서울시,474.662411,-0.5,9,2,1,winter
2024-01-03 10:00:00,서울시,474.701455,0.4,10,2,1,winter
2024-01-03 11:00:00,서울시,473.640906,1.7,11,2,1,winter
2024-01-03 12:00:00,서울시,474.82649,2.8,12,2,1,winter
2024-01-03 13:00:00,서울시,471.269369,2.8,13,2,1,winter
2024-01-03 14:00:00,서울시,470.686961,2.6,14,2,1,winter
2024-01-03 15:00:00,서울시,481.230771,3.1,15,2,1,winter
2024-01-03 16:00:00,서울시,526.97322,2.8,16,2,1,winter
2024-01-03 17:00:00,서울시,656.216726,1.5,17,2,1,winter
2024-01-03 18:00:00,서울시,791.905851,-0.1,18,2,1,winter
2024-01-03 19:00:00,서울시,811.52749,-1.4,19,2,1,winter
2024-01-03 20:00:00,서울시,775.03928,-2.0,20,2,1,winter
2024-01-03 21:00:00,서울시,754.059154,-2.8,21,2,1,winter
2024-01-03 22:00:00,서울시,755.261205,-2.9,22,2,1,winter
2024-01-03 23:00:00,서울시,756.814874,-3.7,23,2,1,winter
2024-01-04 00:00:00,서울시,757.437647,-4.2,0,3,1,winter
2024-01-04 01:00:00,서울시,758.367645,-4.9,1,3,1,winter
2024-01-04 02:00:00,서울시,759.678254,-4.1,2,3,1,winter
2024-01-04 03:00:00,서울시,759.056559,-3.2,3,3,1,winter
2024-01-04 04:00:00,서울시,758.898748,-3.6,4,3,1,winter
2024-01-04 05:00:00,서울시,759.120966,-5.5,5,3,1,winter
2024-01-04 06:00:00,서울시,758.923728,-5.4,6,3,1,winter
2024-01-04 07:00:00,서울시,758.253133,-5.6,7,3,1,winter
2024-01-04 08:00:00,서울시,759.207143,-5.6,8,3,1,winter
2024-01-04 09:00:00,서울시,762.414015,-3.3,9,3,1,winter
2024-01-04 10:00:00,서울시,765.292983,-1.1,10,3,1,winter
2024-01-04 11:00:00,서울시,762.302831,1.0,11,3,1,winter
2024-01-04 12:00:00,서울시,762.042002,2.6,12,3,1,winter
2024-01-04 13:00:00,서울시,759.392685,4.2,13,3,1,winter
2024-01-04 14:00:00,서울시,755.356983,4.9,14,3,1,winter
2024-01-04 15:00:00,서울시,754.021991,5.2,15,3,1,winter
2024-01-04 16:00:00,서울시,753.207227,5.0,16,3,1,winter
2024-01-04 17:00:00,서울시,750.986766,4.0,17,3,1,winter
2024-01-04 18:00:00,서울시,750.791236,2.0,18,3,1,winter
2024-01-04 19:00:00,서울시,751.326361,1.5,19,3,1,winter
2024-01-04 20:00:00,서울시,751.696133,0.2,20,3,1,winter
2024-01-04 21:00:00,서울시,751.449177,-0.1,21,3,1,winter
2024-01-04 22:00:00,서울시,751.811136,0.9,22,3,1,winter
2024-01-04 23:00:00,서울시,752.458659,0.4,23,3,1,winter
2024-01-05 00:00:00,서울시,752.624667,0.1,0,4,1,winter
2024-01-05 01:00:00,서울시,753.463286,0.2,1,4,1,winter
2024-01-05 02:00:00,서울시,753.814271,0.4,2,4,1,winter
2024-01-05 03:00:00,서울시,753.935858,0.6,3,4,1,winter
2024-01-05 04:00:00,서울시,753.270383,0.6,4,4,1,winter
2024-01-05 05:00:00,서울시,752.337697,1.6,5,4,1,winter
2024-01-05 06:00:00,서울시,752.085903,2.5,6,4,1,winter
2024-01-05 07:00:00,서울시,777.4737,2.2,7,4,1,winter
2024-01-05 08:00:00,서울시,780.856497,2.0,8,4,1,winter
2024-01-05 09:00:00,서울시,803.663871,2.6,9,4,1,winter
2024-01-05 10:00:00,서울시,818.062258,4.2,10,4,1,winter
2024-01-05 11:00:00,서울시,803.609926,6.1,11,4,1,winter
2024-01-05 12:00:00,서울시,753.97964,7.3,12,4,1,winter
2024-01-05 13:00:00,서울시,755.027387,7.9,13,4,1,winter
2024-01-05 14:00:00,서울시,755.959562,7.9,14,4,1,winter
2024-01-05 15:00:00,서울시,759.547771,7.3,15,4,1,winter
2024-01-05 16:00:00,서울시,716.527187,6.2,16,4,1,winter
2024-01-05 17:00:00,서울시,711.208421,4.2,17,4,1,winter
2024-01-05 18:00:00,서울시,709.472596,1.6,18,4,1,winter
2024-01-05 19:00:00,서울시,709.140098,0.3,19,4,1,winter
2024-01-05 20:00:00,서울시,708.371983,-0.5,20,4,1,winter
2024-01-05 21:00:00,서울시,707.312081,-1.4,21,4,1,winter
2024-01-05 22:00:00,서울시,707.839855,-0.9,22,4,1,winter
2024-01-05 23:00:00,서울시,708.493051,-2.0,23,4,1,winter
2024-01-06 00:00:00,서울시,620.598299,-3.0,0,5,1,winter
2024-01-06 01:00:00,서울시,429.444877,-3.8,1,5,1,winter
2024-01-06 02:00:00,서울시,429.239882,-4.6,2,5,1,winter
2024-01-06 03:00:00,서울시,429.13113,-4.9,3,5,1,winter
2024-01-06 04:00:00,서울시,429.24557,-5.3,4,5,1,winter
2024-01-06 05:00:00,서울시,429.941174,-5.6,5,5,1,winter
2024-01-06 06:00:00,서울시,430.359102,-5.9,6,5,1,winter
2024-01-06 07:00:00,서울시,430.074409,-6.2,7,5,1,winter
2024-01-06 08:00:00,서울시,430.780164,-6.2,8,5,1,winter
2024-01-06 09:00:00,서울시,430.27211,-3.8,9,5,1,winter
2024-01-06 10:00:00,서울시,485.859354,-1.3,10,5,1,winter
2024-01-06 11:00:00,서울시,494.107052,0.4,11,5,1,winter
2024-01-06 12:00:00,서울시,494.918325,1.8,12,5,1,winter
2024-01-06 13:00:00,서울시,492.665617,2.8,13,5,1,winter
2024-01-06 14:00:00,서울시,490.618571,3.3,14,5,1,winter
2024-01-06 15:00:00,서울시,489.196319,3.5,15,5,1,winter
2024-01-06 16:00:00,서울시,485.372869,3.0,16,5,1,winter
2024-01-06 17:00:00,서울시,481.591876,1.5,17,5,1,winter
2024-01-06 18:00:00,서울시,481.365074,-0.5,18,5,1,winter
2024-01-06 19:00:00,서울시,482.923834,-0.8,19,5,1,winter
2024-01-06 20:00:00,서울시,484.305249,-0.6,20,5,1,winter
2024-01-06 21:00:00,서울시,485.169187,-1.5,21,5,1,winter
2024-01-06 22:00:00,서울시,486.548251,-3.7,22,5,1,winter
2024-01-06 23:00:00,서울시,486.557264,-3.7,23,5,1,winter
2024-01-07 00:00:00,서울시,488.125861,-4.2,0,6,1,winter
2024-01-07 01:00:00,서울시,486.839072,-4.8,1,6,1,winter
2024-01-07 02:00:00,서울시,488.468351,-5.4,2,6,1,winter
2024-01-07 03:00:00,서울시,490.137105,-5.6,3,6,1,winter
2024-01-07 04:00:00,서울시,491.10433,-5.6,4,6,1,winter
2024-01-07 05:00:00,서울시,491.278438,-5.8,5,6,1,winter
2024-01-07 06:00:00,서울시,491.678386,-6.2,6,6,1,winter
2024-01-07 07:00:00,서울시,492.585117,-6.3,7,6,1,winter
2024-01-07 08:00:00,서울시,494.694843,-6.6,8,6,1,winter
2024-01-07 09:00:00,서울시,496.203373,-5.7,9,6,1,winter
2024-01-07 10:00:00,서울시,496.861241,-4.3,10,6,1,winter
2024-01-07 11:00:00,서울시,495.265618,-3.5,11,6,1,winter
2024-01-07 12:00:00,서울시,496.423169,-2.8,12,6,1,winter
2024-01-07 13:00:00,서울시,496.161374,-2.7,13,6,1,winter
2024-01-07 14:00:00,서울시,519.326079,-2.7,14,6,1,winter
2024-01-07 15:00:00,서울시,620.882297,-3.2,15,6,1,winter
2024-01-07 16:00:00,서울시,796.698559,-3.9,16,6,1,winter
2024-01-07 17:00:00,서울시,761.803343,-5.1,17,6,1,winter
2024-01-07 18:00:00,서울시,746.941374,-6.4,18,6,1,winter
2024-01-07 19:00:00,서울시,747.875919,-7.3,19,6,1,winter
2024-01-07 20:00:00,서울시,749.620163,-8.1,20,6,1,winter
2024-01-07 21:00:00,서울시,749.089086,-8.6,21,6,1,winter
2024-01-07 22:00:00,서울시,750.350689,-8.7,22,6,1,winter
2024-01-07 23:00:00,서울시,749.989918,-9.0,23,6,1,winter
